Unit: dimensionless (% of output purchased),ISIC 01T03,ISIC 05,ISIC 06,ISIC 07T08,ISIC 09,ISIC 10T12,ISIC 13T15,ISIC 16,ISIC 17T18,ISIC 19,ISIC 20,ISIC 21,ISIC 22,ISIC 231,ISIC 239,ISIC 241,ISIC 242,ISIC 25,ISIC 26,ISIC 27,ISIC 28,ISIC 29,ISIC 30,ISIC 31T33,ISIC 351,ISIC 352T353,ISIC 36T39,ISIC 41T43,ISIC 45T47,ISIC 49T53,ISIC 55T56,ISIC 58T60,ISIC 61,ISIC 62T63,ISIC 64T66,ISIC 68,ISIC 69T82,ISIC 84,ISIC 85,ISIC 86T88,ISIC 90T96,ISIC 97T98
agriculture and forestry 01T03,0.3901216760490731,3.688917881218565e-5,0,0.002824746875125611,7.364997754163547e-6,0.36926295772375567,0.0022412890527018035,0.04088906122192666,0.0047572891663451595,0,0.009161648843225673,0.0022904122108064182,0.006077659348672493,0,0,0,0,0,0,0,0,0,0,0.0034871096410001717,0,0,0,0.0062362371111869645,0.01814682905136965,1.3598104482751136e-4,0.0738993755500602,0,0,0,4.103196535931095e-6,1.1892349254730927e-5,0.014930426609097353,0.05071327419527891,0.001033677501855683,0,0.0037300990813340373,0
coal mining 05,0.010967074689438035,0.004055715351938758,4.002636074931209e-6,0.3105617862928295,1.8713843275689173e-4,0.00623463828168705,1.664041095915289e-4,4.9738610960870515e-5,0.0038366984557442283,0.001174037726379453,0.010905404208798273,0.002726351052199568,7.639064847361254e-4,0.02573062311762067,0.077191869352862,0.023245205137412437,0.054127638799886184,0.004303898760336621,1.5215584499881529e-4,6.610160477449796e-4,4.4766144496746903e-4,1.8499643474748838e-4,0.002831029370506415,0.0014692627806198622,0.057890006647140196,0.01608055740198339,0.006950756949504766,0.21287179134500891,2.2115447292008327e-4,0.0015694756549881346,0.0108332642898254,9.076546505142623e-4,0.002306819721134454,0.005231225557627963,0,6.913965535613785e-5,0.02601959678336602,0.08938201666521452,0.004338833514499906,0.0020593450453467482,0.021290108220730884,0
oil and gas extraction 06,0,0,0.0013990825046007978,0,4.043237759073387e-5,1.6256456333983615e-6,0,6.938824032085184e-5,3.3037048146487166e-5,0.5320418091793399,0.006883637374825208,0.001720909343706302,0,8.768945839854405e-7,2.6306837519563215e-6,0.021594592562103464,6.732660183919129e-6,0,0,0,0,8.451428998490254e-7,0,0,0.20239214509694328,0.056271797585766725,0.022603962118655858,0,5.640858057539591e-4,0.0035378600149864126,8.077506492760932e-6,0.0013035722218805593,9.116248530148471e-5,3.2577605230839455e-4,0,8.679656918662395e-4,1.7478331801230526e-4,0.13870618367059614,0.008225744949762909,8.332343959210143e-6,0.0011229514800268486,0
other mining and quarrying 07T08,0.010967074689438038,0.00405571535193876,4.002636074931209e-6,0.31056178629282954,1.8713843275689176e-4,0.006234638281687052,1.6640410959152893e-4,4.973861096087052e-5,0.0038366984557442287,0.0011740377263794535,0.010905404208798274,0.0027263510521995686,7.639064847361255e-4,0.02573062311762067,0.07719186935286203,0.02324520513741244,0.05412763879988619,0.004303898760336622,1.521558449988153e-4,6.610160477449798e-4,4.4766144496746914e-4,1.8499643474748843e-4,0.002831029370506416,0.0014692627806198626,0.05789000664714021,0.016080557401983393,0.006950756949504768,0.21287179134500894,2.211544729200833e-4,0.0015694756549881348,0.010833264289825404,9.076546505142624e-4,0.0023068197211344546,0.005231225557627965,0,6.913965535613786e-5,0.02601959678336602,0.08938201666521454,0.0043388335144999065,0.0020593450453467487,0.02129010822073089,0
food beverage and tobacco 10T12,0.06540363236813328,0,0,0,0,0.24573393914316333,1.3834705312239877e-4,3.416887555863663e-5,9.209069416164133e-4,5.8481109376819645e-5,0.0032003134320283707,8.000783580070927e-4,3.9700263378924584e-4,3.5480879376793064e-4,0.001064426381303792,6.16882765123008e-6,8.856177852914668e-6,0,0,0,0,0,0,2.4746216622046767e-5,0,0,0,0,0.0265511614177482,0.0032631495806162703,0.3037254843182587,6.277764355050484e-5,0,3.836626262999326e-4,0,0,0.011888631844131999,0.20802289544621302,0.016736239707085047,0.0882375192622476,0.022982601841855205,0
textiles apparel and leather 13T15,0.0023042221620351282,1.7320187015022383e-6,0,1.3262736044184896e-4,0,0.0016666677390825661,0.05178091815543079,0.0030423981587804016,0.06156877707283956,1.7966359731055633e-5,4.6129287289510625e-6,1.1532321822377656e-6,0.026981252607185417,8.212825504848513e-4,0.002463847651454554,7.291238600532463e-7,0,2.844892737689333e-6,1.487401303034932e-5,0,0.0016506702916317777,0.013278179485505975,0.04301648816501699,0.05883237039591208,0,6.337500625642051e-6,0.004697099044285098,0.020786692500160492,0.21082169298926115,6.610191417349885e-4,0.07925376144770642,0.009989950478851893,0.023889591024984145,1.1372545901536568e-5,0,6.577633548397465e-4,0.022971888068165598,0.16485473198034564,0.0018837647750085177,0.13492359447576405,0.0570071263075914,0
wood products 16,0.004453696595602927,8.007954900407461e-5,0,0.006132000307255566,3.019835539693677e-4,0.001552108324761201,2.385284277375377e-4,0.12524693816731172,0.009753772701166275,0,4.5071736907779827e-4,1.1267934226944957e-4,0.010199338289828934,4.007352541627823e-4,0.001202205762488347,0.001031798805598451,0.0024075305463963853,0.001449910520152272,0.005354352867392544,0.004213095041245279,0.0029517562109287105,0.006533073754677259,0.005916516875731286,0.06366131364310704,4.251979953723852e-5,3.279790350709259e-5,2.954814004216173e-4,0.4856286236722186,0.07244950166160717,0.026498725992419415,0.019230544510324053,0.0021125440165818566,0.005273305920921442,0.007188241320576733,0.003075498075887921,0.04814972506002124,0.025979813924082346,0.02936104897896766,3.4341956486412783e-4,0.015849841656300424,0.004844234631895788,0
pulp paper and printing 17T18,0.002179334214330083,3.856574943777684e-5,1.795971595364419e-6,0.0029531283622733174,3.760318446524174e-5,0.04790612459348704,5.851051451815303e-4,0.0020440249461269547,0.09433662414914028,5.528438256674287e-5,0.004703686315739797,0.0011759215789349492,0.010050347174016393,0.0013854603493728827,0.004156381048118648,0.0012724423489823744,0.002963797102033893,0.005910227793149581,0.004851388307173129,0.0033394996998130045,0.002791974716423882,0.00410356588161032,0.005501390784690868,0.013322271348422865,1.501891782679878e-4,1.1707673185811091e-4,0.001517156530136081,0.015066693063973992,0.17440213868230345,0.020595665870828016,0.05547376980804533,0.02092915612361264,0.004055992613230671,0.026749597785263965,0.053863382148783535,0.003429491633911443,0.13615116678744565,0.15417958246838454,0.006613240445676081,0.08981149815665761,0.02122825682453403,0
refined petroleum and coke 19,0.02996093385622901,6.071297062738497e-4,4.3087802609152794e-5,0.04649026613805977,6.215543600383013e-4,0.0019463055367886723,9.290409030084394e-5,0.0012984910875976027,0.002978701842867574,0.0020920417117857412,0.0090871490912987,0.002271787272824675,9.065728424430366e-4,3.0762538464368323e-4,9.228761539310496e-4,7.768336590238232e-4,0.0016145101064640138,0.005838626649040068,0.0010806887987076142,6.678153592883956e-4,0.0013670921493879828,1.9328973881879626e-4,0.0016788914796598542,0.0014566697045042243,0.07198678568896112,0.020079661002813692,0.011612469473783736,0.06711567828989341,0.01739033576280407,0.2830414030698223,0.013673210681845278,8.591880533719424e-4,9.693676956723969e-4,0.0019126030620178,0.009401459699893689,0.005167171123910359,0.021270355951157987,0.3418676219657527,0.0033021675802857955,0.008305512335901087,0.007743164039526193,0
chemicals 20,0.05079649045267148,2.838995432870076e-4,7.907304022920497e-5,0.021739284353075792,6.432794222156793e-4,0.010821261509857053,0.01215322758663936,0.004262577427568818,0.011526937123666797,0.0031221712407225963,0.12633078648637608,0.03158269662159402,0.09972077611398746,0.0024619499939353886,0.007385849981806166,0.0010444938440006787,0.002141504453650814,0.012915867528881592,0.012653343370389352,0.004133642756803326,0.002365914183865781,0.006373978053902614,0.009179690775721451,0.02530643532049057,0.0023817545989527566,6.638103990254841e-4,0.005166951164674857,0.040763581733196344,0.007709034216880028,0.002652706029006724,0.005134001828201148,0.0013409486430037932,0.002086105355581622,0.0020005868175818602,4.775129637565014e-4,0.02690418944393158,0.12372739674465633,0.11969985057765224,0.0019577624324434877,0.18120530870790796,0.017103367158208163,0
rubber and plastic products 22,0.007425786547714593,4.384291195810496e-4,2.0495910273128584e-6,0.03357221075063734,7.191620940814068e-4,0.04034793578666074,7.558873659579208e-4,0.0030898622331541822,0.013309385767970552,1.0872006808972153e-4,0.009029332796470689,0.0022573331991176723,0.05079984837477897,0.0012218859114929577,0.003665657734478873,7.099159445992311e-4,0.0016461755049360155,0.009406811535328994,0.027644609531603123,0.007167343599239981,0.019596909171374653,0.025842920766093333,0.042752695784313774,0.037976800676024956,1.1375157431189293e-4,2.1656246408655646e-4,0.0019573842169644056,0.17711838959202025,0.11849383670229201,0.0221507127054303,0.03758864759170577,0.0063850722173422955,0.016916715301601132,0.009138627238539362,0.005156937645608839,0.002276026240019196,0.056434556122896364,0.09810827621999896,0.0033422108204959455,0.08875093284628209,0.016363690645676592,0
glass and glass products 231,4.0007685206376874e-4,1.786505397824809e-4,3.676444038231318e-5,0.013679961718837917,8.222251306881333e-4,0.012362436681383268,8.226672749030393e-5,0.003576977669857782,8.145573709510702e-4,3.952004427583859e-4,0.001967350694248955,4.918376735622387e-4,0.007527180277152674,0.024618494643908487,0.07385548393172546,0.00382871608296537,0.008896248133622964,0.008858782643971884,0.0046787652627617955,0.009285068073282358,0.004720566306214985,0.011443281257993336,0.0065894384818026425,0.00893474605246351,3.826878561131077e-4,1.0630218225364104e-4,0.0020975556867035487,0.5977394584308848,0.010524485493403736,0.001669806149516173,0.02062060126879572,0.004642515446793456,0.013902854414776568,0.004544840083090892,6.411750969761474e-4,0.001272468710101621,0.04206471545379578,0.033333020350698794,5.300462775248484e-4,0.04640044229515733,0.011481947713541654,0
cement and other nonmetallic minerals 239,4.000768520637688e-4,1.786505397824809e-4,3.676444038231318e-5,0.013679961718837917,8.222251306881334e-4,0.012362436681383268,8.226672749030395e-5,0.003576977669857782,8.145573709510706e-4,3.9520044275838585e-4,0.001967350694248955,4.918376735622387e-4,0.007527180277152675,0.02461849464390849,0.07385548393172547,0.00382871608296537,0.008896248133622964,0.008858782643971884,0.0046787652627617955,0.00928506807328236,0.004720566306214985,0.011443281257993338,0.006589438481802643,0.00893474605246351,3.8268785611310775e-4,1.0630218225364104e-4,0.0020975556867035487,0.5977394584308849,0.010524485493403736,0.001669806149516173,0.020620601268795724,0.004642515446793457,0.013902854414776568,0.004544840083090892,6.411750969761474e-4,0.0012724687101016213,0.04206471545379578,0.0333330203506988,5.300462775248484e-4,0.046400442295157336,0.011481947713541654,0
iron and steel 241,0.002089926183871335,1.490933574926304e-4,9.259096770151184e-5,0.011416654131107247,3.225958023917622e-4,0.0044674739909547415,1.286054868159113e-4,7.245827810918204e-4,0.0013304466439592081,1.220681345425546e-4,5.696869539732792e-4,1.424217384933198e-4,0.003962672255221075,0.001561578949611492,0.004684736848834476,0.08121722426438144,0.1894952976155962,0.24257868867195384,0.04798218091670021,0.045172292921710655,0.0597860713704288,0.041408565654218236,0.09610510969649003,0.04144775132481523,0.004139228458735565,0.001154561164858801,0.001937350737350386,0.02991003707878556,0.005873926322282442,0.019703675940904046,0.0015427919626878155,5.350946676965753e-4,0.0014067967299642161,0.0019214758889356041,5.387689218885825e-4,0.007707123406285319,0.011629626517226505,0.025812937231180087,9.521471235301261e-4,0.0029026302012125317,0.00537351098411891,0
other metals 242,3.956289177577016e-4,1.2124902037200406e-4,9.560029833877975e-5,0.009284505712410225,3.0442191098258383e-4,0.004620737513735156,1.3077579867628618e-4,6.896945098766736e-4,0.0012302481039495566,2.312118345495464e-6,5.190471290240637e-5,1.2976178225601592e-5,0.004148454590072813,0.001637807628600574,0.0049134228858017225,0.086107249608637,0.20091669681199886,0.25697027596511124,0.050833354107362345,0.0478777499884321,0.06333740033373447,0.04391406994478747,0.10184534288988467,0.043878836022388644,1.472990887975406e-5,4.091641355487239e-6,0.001349193774488873,0.027648281173544106,0.005173836061467324,0.003695198731032088,8.05375665642121e-4,5.153928132186012e-4,0.0014333883346034128,0.0019220152740402352,0,0.00786152881059207,0.0110435601031495,0.006599760779749177,8.092878024033479e-4,0.0025741853693087326,0.005229458184140804,0
metal products except machinery and vehicles 25,0.005070773824059821,1.8613371770090424e-4,1.2451663395434296e-4,0.01425297754954252,3.970176691499696e-4,0.02274250845150882,6.038190550502074e-4,0.0050407061440621665,0.006454655340042126,1.9584917178567968e-4,0.0054775654018706516,0.0013693913504676629,0.01330295944857453,0.0013934424543057629,0.004180327362917288,0.0034437115921722686,0.008016781497275532,0.09551752541118376,0.04629307878567636,0.020449770520901172,0.030006016743704567,0.018415581131606497,0.11597750397715352,0.0277658667969288,0.00252479815306065,0.001826636558091994,0.01078098916983823,0.3277951282110126,0.016179420755150047,0.013373470223242085,0.016971053243933987,0.009667542348023977,0.025801667994662898,0.010776030343739338,0.002075823366356723,0.0038776164228083053,0.033720223901879585,0.047194465799319886,0.001372203132279957,0.014492726647596743,0.014891723697408087,0
computers and electronics 26,5.6631665386616276e-5,7.262441386853081e-6,1.2931934634771708e-6,5.561131820727747e-4,8.425944301263699e-5,0.004658682001246254,3.6113658402838915e-4,0.0017709489698125164,0.002128853296465291,5.1158783851835044e-5,0.0027969411443231947,6.992352860807987e-4,0.0034048504385771187,3.799778732782846e-4,0.0011399336198348537,8.745621252833948e-4,0.0020358005788379627,0.013648600098427258,0.2642173563447049,0.006023476492339948,0.007647458998247214,0.015409061086378538,0.13982299146876895,0.008739968384558,2.8024212322574053e-4,8.886050533197285e-5,0.003747864166558154,0.030984911948227382,0.15328359205875033,0.00214252224407173,0.0019150323574492689,0.022316255384393816,0.05084035161881925,0.038946495774213635,0.00762656501410464,0.0017755650610683288,0.09050431077111376,0.06022546587070992,0.0031145388067929007,0.041643773344879634,0.014047099449922383,0
appliances and electrical equipment 27,0.019127351597122054,3.573327729763362e-5,5.258835816935522e-6,0.0027362350324573958,6.717224993180794e-4,0.0072338412359772165,1.8138112285375182e-4,0.0022113426325726473,0.0018516503944685833,7.142285207780589e-5,0.0017118807817197855,4.279701954299464e-4,0.004803850520761454,2.254381913175619e-4,6.763145739526857e-4,0.0032555667001210055,0.007589559054143866,0.019858029309565248,0.05087675298658167,0.0625046799515744,0.04930399613096954,0.011215540170687478,0.037897594606447906,0.010072927337383278,1.5701880465964898e-4,5.167459081100005e-5,0.011204445891009216,0.3707537280673331,0.027876552873845915,0.004676142104647546,0.014221981411961957,0.008948989704421166,0.026807562549637284,0.02381856440614766,0.00258686395910062,0.01185318212919145,0.07057857733655576,0.07117794781749492,0.0035381357753229365,0.024551745890850688,0.032650846696391254,0
other machinery 28,0.014777618938086616,0.0013847410119362117,2.341893954755446e-4,0.10603496668331865,0.0039681428153621814,0.012766385252133888,6.761095127955357e-5,0.0014784237777915364,0.009287731865559137,1.6956765506994706e-5,0.004939007055787228,0.001234751763946807,0.006287878480747086,1.7244312768413073e-4,5.173293830523922e-4,0.0012249740042626482,0.002856666989140279,0.024150403649994143,0.006357808684398608,0.009972452288263026,0.0864322072180306,0.04935377017088847,0.0635307506845033,0.0069173363767252,0.010765536789598518,0.0031072380765877487,0.035900701058773146,0.2361536661801077,0.023007708565158994,0.06006027158663428,0.0045991884706464885,0.0019328316493205152,0.005131234586551847,0.016062866447761656,0.004364948218689969,5.795943917721442e-4,0.06582806261592154,0.054634739369831264,0.011358943302338062,0.014993527405208986,0.03755439395122288,0
road vehicles 29,0.006137075495635365,2.759682706192879e-4,2.473100417007988e-5,0.021131956177027872,4.4300238002016e-4,0.014816478616171832,1.5541422606283353e-4,0.006191855687931882,0.002791709589572279,4.85336024913976e-5,0.0017522116926203548,4.380529231550887e-4,0.002408494062188875,7.436733016393527e-4,0.0022310199049180583,0.0011400320068477195,0.0026554788888603735,0.007201137157951205,0.014388001149062319,0.003324286252673733,0.027428849606067066,0.23086836633105481,0.048136886253778224,0.008893054624327705,2.120944719416123e-4,6.135329701256284e-5,0.008330232716897841,0.01485625971882547,0.13376371411562635,0.05032544122842616,0.01022435051045611,0.002735014189968339,0.005947438087564533,0.001911750185318098,0.0013488319175957784,0,0.15038033120362587,0.11226258731962659,0.003224323095943813,0.035031114569681596,0.06575889416664137,0
nonroad vehicles 30,1.5315095005392457e-5,9.530196798723503e-7,0,7.297639712606901e-5,0,0,0,1.1952237376335776e-5,0,0,0,0,0,0,0,0,0,1.2592437593126815e-4,0,0,1.450185243488895e-4,2.988403167513034e-4,0.8907847664988452,0,0,0,1.750846967322953e-4,7.70377909001212e-5,1.4359688259110313e-4,0.018413620854922017,0,1.512750112790807e-6,4.53825033837242e-6,0,0,0,0.002504130730585795,0.08678920649813952,0,0,4.355250806136655e-4,0
other manufacturing 31T33,5.753275860779203e-4,1.58592433356931e-5,1.4332574739810635e-6,0.0012144035052240698,2.6790770777421898e-5,1.9241195970753759e-4,2.3910662039976037e-4,0.00201785782132024,2.1350586437543597e-5,4.234916002770592e-7,6.095147583133882e-4,1.5237868957834706e-4,0.0018100121645322276,1.2058210922581313e-4,3.6174632767743936e-4,4.5868323219857436e-5,1.0698598581099733e-4,3.9372272736211894e-4,7.830427677991461e-4,0.0031666562852231484,0.007753888484243535,0.004740559787385323,0.005375287165822766,0.0897559440089098,0,1.187307767405259e-6,0.0019788037814522106,0.15828472225928586,0.052073963267971826,0.0024895986210461763,0.012297073257264134,4.5362087647584504e-4,0.00129897119893551,0.0022680845639734106,9.536082498381668e-4,0.03589531597731798,0.04724531892619843,0.07649183743437908,0.0027650723108874147,0.46123545950019634,0.024786208039551862,0
energy pipelines and gas processing 352T353,0.018568623617904314,5.820901499558581e-4,3.342737040037351e-4,0.044572890616531115,2.3757191657591348e-4,0.00954513082071926,8.551698679080891e-4,0.0021763472362212235,0.005800315289254681,0.00692021947235109,0.006626270533748029,0.0016565676334370073,0.006488331688533934,0.0021985668880270333,0.0065957006640811,0.0033557328969982332,0.007174746889405226,0.008931634531839545,0.007570998281360126,0.001375068079727618,0.002298919194244613,0.001700873895146214,0.02127596504207672,0.0040552424624541415,0.12737044238358777,0.03615507661785542,0.017610588509349868,0.03013317679342953,0.1483230541272803,0.03937828086230277,0.0705833943060771,0.004829109857980958,0.010683557335459655,0.007537287925743903,0.014979309283300222,0.058915499325052065,0.03751695790886628,0.13934928875124103,0.01270160440405886,0.046576048813334846,0.026460071422574585,0
water and waste 36T39,0.007019822979712841,2.367496096751889e-4,4.320041583693989e-5,0.018128831859393034,1.8104533294428915e-4,0.006774718930160433,4.4246289108890955e-4,0.001166481734402061,0.002895742258295735,2.8408033430905936e-4,0.003942106772344526,9.855266930861315e-4,0.003315225760947805,0.0011531488715572542,0.0034594466146717624,0.0015388902870789388,0.0035638435761060168,0.004937929694613267,0.003918625376829542,7.494461696632046e-4,0.0014498072035994151,8.805031221602824e-4,0.011111725440703952,0.00270405451351796,0.028188370464821214,0.008429668452438565,0.07924899417852552,0.02252660926555524,0.08412801571426282,0.019339946074862426,0.045077730106328935,0.002080704278495392,0.004248227301246548,0.004513320983158164,0.016314802589937095,0.24337797325631455,0.055537638958759426,0.22603890214532796,0.0061718987652193075,0.051759719366697717,0.022134061655350628,0
construction 41T43,0.003954824148150593,6.345126656165222e-4,2.2532262297769546e-6,0.04858708507861463,9.551217563230777e-4,0.0029626430274178766,1.5088626948055875e-4,5.44629770536194e-4,0.0017586622841166237,9.719624865259465e-4,0.0012811687620269488,3.202921905067372e-4,0.0014791349962550069,6.896605313904823e-4,0.002068981594171447,9.36285960537414e-4,0.002092629170209365,0.003596479082917838,0.0036868384906383576,4.0403383063855445e-4,0.0011525453503406847,6.22070629910245e-4,0.004445322456382561,0.0016791010006842568,0.01816850895094664,0.005729992822697306,0.0024687707952425722,0.0011022384864110008,0.044963958699163906,0.020750939932729265,0.019172842039629004,0.0021925676665757545,0.005738623647779293,0.002250823271454786,0.029193649683270432,0.43368490797716314,0.016714467828546173,0.28046910824359617,0.006267895988918961,0.011803192669626796,0.014350386536627142,0
