Pollutant:,BC,Unit: grams,,,,,,,,,,,,,,,,,,,,,,,,,,,,,,,,,,
,2015.0,2016.0,2017.0,2018.0,2019.0,2020.0,2021.0,2022.0,2023.0,2024.0,2025.0,2026.0,2027.0,2028.0,2029.0,2030.0,2031.0,2032.0,2033.0,2034.0,2035.0,2036.0,2037.0,2038.0,2039.0,2040.0,2041.0,2042.0,2043.0,2044.0,2045.0,2046.0,2047.0,2048.0,2049.0,2050.0
agriculture and forestry 01T03,0.0,0.0,0.0,0.0,0.0,9361.737677527151,9426.900584795321,9491.228070175439,10036.745406824148,10247.855798378021,10356.432937034384,10441.054259323457,10523.198850717374,10597.683435501816,10679.309026511186,10759.491438642279,10740.514879509401,10746.66405257728,10700.915080533467,10681.01809566353,10658.559669274706,10650.096268539131,10637.664502317824,10637.911894257044,10637.474378556688,10637.943268424604,10633.03139820312,10649.00092188652,10659.439950645783,10675.816937055497,10704.207109403525,10795.358452302698,10887.2465049953,10982.74574208299,11064.778883395973,11149.480046362605
coal mining 05,0.0,0.0,0.0,0.0,0.0,0.0,0.0,0.0,0.0,0.0,0.0,0.0,0.0,0.0,0.0,0.0,0.0,0.0,0.0,0.0,0.0,0.0,0.0,0.0,0.0,0.0,0.0,0.0,0.0,0.0,0.0,0.0,0.0,0.0,0.0,0.0
oil and gas extraction 06,0.0,0.0,0.0,0.0,0.0,58512.28241563056,59568.51687388988,56441.823067383215,56626.75164473685,61272.25430922172,62332.25790776541,60167.59907201692,61362.106302950524,63286.57923748544,64653.67306491433,66413.4584172592,67667.93817395333,68702.34741849388,69187.47247444968,69377.92551094297,69868.20235371079,69780.29562367084,69941.80742985626,70206.73891110842,70268.55050460547,71430.42310563367,71693.67583685905,72328.38315455956,72500.03141211045,72816.0451199888,73346.63260224192,73936.50769429315,74206.16909361894,73903.7842346759,74242.725039227,74912.0898411406
other mining and quarrying 07T08,0.0,0.0,0.0,0.0,0.0,0.0,0.0,0.0,0.0,0.0,0.0,0.0,0.0,0.0,0.0,0.0,0.0,0.0,0.0,0.0,0.0,0.0,0.0,0.0,0.0,0.0,0.0,0.0,0.0,0.0,0.0,0.0,0.0,0.0,0.0,0.0
food beverage and tobacco 10T12,0.0,0.0,0.0,0.0,0.0,0.0,0.0,0.0,0.0,0.0,0.0,0.0,0.0,0.0,0.0,0.0,0.0,0.0,0.0,0.0,0.0,0.0,0.0,0.0,0.0,0.0,0.0,0.0,0.0,0.0,0.0,0.0,0.0,0.0,0.0,0.0
textiles apparel and leather 13T15,0.0,0.0,0.0,0.0,0.0,0.0,0.0,0.0,0.0,0.0,0.0,0.0,0.0,0.0,0.0,0.0,0.0,0.0,0.0,0.0,0.0,0.0,0.0,0.0,0.0,0.0,0.0,0.0,0.0,0.0,0.0,0.0,0.0,0.0,0.0,0.0
wood products 16,0.0,0.0,0.0,0.0,0.0,0.0,0.0,0.0,0.0,0.0,0.0,0.0,0.0,0.0,0.0,0.0,0.0,0.0,0.0,0.0,0.0,0.0,0.0,0.0,0.0,0.0,0.0,0.0,0.0,0.0,0.0,0.0,0.0,0.0,0.0,0.0
pulp paper and printing 17T18,0.0,0.0,0.0,0.0,0.0,3168513.2555673383,3214132.202191587,3405323.215411643,3528868.9235920208,3493321.4719797173,3490353.2791731916,3503857.293575165,3501105.1741105937,3515738.0006810785,3539739.1944897743,3557853.3757759314,3593289.882347236,3627752.6806607274,3648242.11552693,3674684.8895262727,3700215.570190413,3707532.425326862,3721677.3576955786,3757366.9251359217,3759399.5901251095,3793781.817921667,3841822.8705003457,3878497.0286695156,3905982.0054316865,3920806.579701223,3933288.5889585996,3946855.7265917924,3946269.4046865534,3951939.434388504,3962701.881417318,3975748.6305103265
refined petroleum and coke 19,0.0,0.0,0.0,0.0,0.0,39042.976775346135,39155.11835640911,39276.03082421264,36329.917676652185,47534.723021520236,49954.96157915764,52783.05186345415,54963.82635412492,54603.605754990516,53455.21031426761,53152.78614033021,52402.63857086482,53740.7911890499,54044.66313375618,53953.957420891566,54906.83092337087,54999.20063975521,55634.80884918379,55023.360466235434,55064.56785254019,55161.78062846793,54609.131297032785,55108.12250551121,54879.86009794623,55242.984583980164,55415.64510175487,59487.27780981834,59457.9261466359,56924.11280170746,55376.14092961357,55937.94332818143
chemicals 20,0.0,0.0,0.0,0.0,0.0,588533.3813467772,447045.1995168647,419995.12144059234,457019.4946064485,506482.58348954574,454623.2913937273,418966.41483208514,435120.120558212,453203.33165673027,471200.75727950176,487473.5443331026,499188.7333317112,510476.3357298391,526532.4290390059,539592.1680880908,550960.5379396422,566366.2115196828,581022.0623789912,592865.4330374415,601386.4974634311,611291.0153683262,621764.300953296,641992.4509094974,662447.7595266978,678160.2104244641,695884.542352727,704035.1509867235,707521.8238122059,710663.5357028779,721847.1750687376,736265.5596071793
rubber and plastic products 22,0.0,0.0,0.0,0.0,0.0,0.0,0.0,0.0,0.0,0.0,0.0,0.0,0.0,0.0,0.0,0.0,0.0,0.0,0.0,0.0,0.0,0.0,0.0,0.0,0.0,0.0,0.0,0.0,0.0,0.0,0.0,0.0,0.0,0.0,0.0,0.0
glass and glass products 231,0.0,0.0,0.0,0.0,0.0,0.0,0.0,0.0,0.0,0.0,0.0,0.0,0.0,0.0,0.0,0.0,0.0,0.0,0.0,0.0,0.0,0.0,0.0,0.0,0.0,0.0,0.0,0.0,0.0,0.0,0.0,0.0,0.0,0.0,0.0,0.0
cement and other nonmetallic minerals 239,0.0,0.0,0.0,0.0,0.0,3880001.086602195,4060186.895577529,3871443.452380952,4035873.6426456072,4591652.544728204,4178877.81998483,3868732.0806196504,3676634.7735226266,3519771.8469481743,3472691.6002540733,3418916.4169753157,3371116.081842372,3328223.9169214875,2761118.661815355,2655647.63703941,2538293.771751905,2426354.8596883644,2356753.3312175586,2297681.015037968,2202406.1467194483,2140940.61888156,2074216.775591002,2016680.1514238953,1973628.3031789472,1941634.1594096902,1891521.4260517217,1859379.7338074963,1830470.8030564422,1799767.330435613,1777988.6360288195,1761830.5258114368
iron and steel 241,0.0,0.0,0.0,0.0,0.0,509484.3177189409,515364.47483270295,607912.385476756,591743.5124508518,573650.4285328283,535330.8125488276,481613.3939055405,461554.9173141583,467967.4904209,469480.17107937305,464066.9380938133,454057.3027812104,437187.95918841613,437194.55416438443,444627.83590451616,446669.5237021142,451360.8804453849,456337.37953941437,460614.92734318925,466145.1093174147,470110.0734296771,471485.9835763788,476167.9427364188,484931.9955205329,490007.3211158594,491548.73922238726,490099.96636979305,484348.1768005139,477713.3385947153,477982.26657118025,482453.43298104836
other metals 242,0.0,0.0,0.0,0.0,0.0,410413.3439659755,422926.63476874004,428835.0785340314,465819.8775055679,481384.1757259581,476044.66773231956,473922.46411151387,484266.06824800256,501861.63769437873,516296.6718675593,528481.7438222857,535465.7305459914,536564.0174123837,536274.8548726573,537604.3586101059,540886.2485110993,545982.0480963384,551498.6677610121,555793.9944371103,558975.7769873107,564521.2216307573,568750.9236110308,572052.2951223048,577476.9111535895,583168.2211137544,586023.1657626288,586952.7136301997,587703.1585824003,589105.9678969719,590599.4993128013,590463.9798985913
metal products except machinery and vehicles 25,0.0,0.0,0.0,0.0,0.0,0.0,0.0,0.0,0.0,0.0,0.0,0.0,0.0,0.0,0.0,0.0,0.0,0.0,0.0,0.0,0.0,0.0,0.0,0.0,0.0,0.0,0.0,0.0,0.0,0.0,0.0,0.0,0.0,0.0,0.0,0.0
computers and electronics 26,0.0,0.0,0.0,0.0,0.0,0.0,0.0,0.0,0.0,0.0,0.0,0.0,0.0,0.0,0.0,0.0,0.0,0.0,0.0,0.0,0.0,0.0,0.0,0.0,0.0,0.0,0.0,0.0,0.0,0.0,0.0,0.0,0.0,0.0,0.0,0.0
appliances and electrical equipment 27,0.0,0.0,0.0,0.0,0.0,0.0,0.0,0.0,0.0,0.0,0.0,0.0,0.0,0.0,0.0,0.0,0.0,0.0,0.0,0.0,0.0,0.0,0.0,0.0,0.0,0.0,0.0,0.0,0.0,0.0,0.0,0.0,0.0,0.0,0.0,0.0
other machinery 28,0.0,0.0,0.0,0.0,0.0,0.0,0.0,0.0,0.0,0.0,0.0,0.0,0.0,0.0,0.0,0.0,0.0,0.0,0.0,0.0,0.0,0.0,0.0,0.0,0.0,0.0,0.0,0.0,0.0,0.0,0.0,0.0,0.0,0.0,0.0,0.0
road vehicles 29,0.0,0.0,0.0,0.0,0.0,0.0,0.0,0.0,0.0,0.0,0.0,0.0,0.0,0.0,0.0,0.0,0.0,0.0,0.0,0.0,0.0,0.0,0.0,0.0,0.0,0.0,0.0,0.0,0.0,0.0,0.0,0.0,0.0,0.0,0.0,0.0
nonroad vehicles 30,0.0,0.0,0.0,0.0,0.0,0.0,0.0,0.0,0.0,0.0,0.0,0.0,0.0,0.0,0.0,0.0,0.0,0.0,0.0,0.0,0.0,0.0,0.0,0.0,0.0,0.0,0.0,0.0,0.0,0.0,0.0,0.0,0.0,0.0,0.0,0.0
other manufacturing 31T33,0.0,0.0,0.0,0.0,0.0,843465.595463138,850533.7429111531,924764.0996122032,1005476.9006774324,989107.6113787552,962353.9362402916,948729.0793075154,946772.4052488409,950184.8081893352,964394.0838844746,981866.9827543127,998804.9112120217,1027526.9682923536,1052070.4185262367,1077484.4780353087,1099164.0712661687,1112185.6201886726,1128942.7211512623,1153416.6618346004,1168480.552010313,1191059.494633403,1213072.0439161616,1231741.925685417,1246468.5906738532,1260996.9185904737,1277824.0698736268,1306930.833717606,1325104.8089797758,1340825.1313860738,1358198.2990815202,1375971.7836606656
energy pipelines and gas processing 352T353,0.0,0.0,0.0,0.0,0.0,2498207.816968541,2488735.9389895136,2871381.252070222,3139794.8717948715,3605865.866601308,3672594.22107096,3693628.7597624944,3935409.6271654237,4239573.755457756,4287096.694223343,4355776.492337801,4305306.5793138025,4215934.506440336,4064517.2411941923,3963270.6298748255,3921889.760433082,3918068.31580536,3921294.89832966,3872947.613432689,3890718.1022118735,3871930.7922101603,3832034.598366014,3828525.6886767866,3850312.5431973604,3868982.165072941,3889978.753511933,3903035.218574338,3877077.8256525076,3860927.440731862,3880190.152715029,3923415.048407529
water and waste 36T39,0.0,0.0,0.0,0.0,0.0,0.0,0.0,0.0,0.0,0.0,0.0,0.0,0.0,0.0,0.0,0.0,0.0,0.0,0.0,0.0,0.0,0.0,0.0,0.0,0.0,0.0,0.0,0.0,0.0,0.0,0.0,0.0,0.0,0.0,0.0,0.0
construction 41T43,0.0,0.0,0.0,0.0,0.0,0.0,0.0,0.0,0.0,0.0,0.0,0.0,0.0,0.0,0.0,0.0,0.0,0.0,0.0,0.0,0.0,0.0,0.0,0.0,0.0,0.0,0.0,0.0,0.0,0.0,0.0,0.0,0.0,0.0,0.0,0.0
